about,про
above,над
accept,приймати
account,рахунок
across,через
action,дія
activity,діяльність
actually,насправді
add,додавати
address,адреса
administration,адміністрація
admit,визнавати
adult,дорослий
affect,впливати
after,після
again,знову
against,проти
agency,агентство
agent,агент
ago,тому
agree,погоджуватися
agreement,угода
ahead,попереду
air,повітря
all,всі
allow,дозволяти
almost,майже
alone,один
along,вздовж
already,вже
also,також
although,хоча
always,завжди
among,серед
amount,кількість
analysis,аналіз
and,і
animal,тварина
another,інший
answer,відповідь
any,будь-який
anyone,хтось
anything,що-небудь
appear,з'являтися
apply,застосовувати
approach,підхід
area,область
argue,сперечатися
arm,рука
around,навколо
arrive,прибувати
art,мистецтво
article,стаття
artist,художник
ask,питати
assume,припускати
attack,напад
attention,увага
attorney,адвокат
audience,аудиторія
author,автор
authority,влада
available,доступний
avoid,уникати
away,геть
baby,дитина
back,назад
bad,поганий
bag,сумка
ball,м'яч
bank,банк
bar,бар
base,основа
be,бути
beat,бити
beautiful,красивий
because,тому що
become,ставати
bed,ліжко
before,перед
begin,починати
behavior,поведінка
behind,позаду
believe,вірити
benefit,користь
best,найкращий
better,краще
between,між
beyond,за межами
big,великий
bill,рахунок
billion,мільярд
black,чорний
blood,кров
blue,синій
board,дошка
body,тіло
book,книга
born,народжений
both,обидва
box,коробка
boy,хлопчик
break,перерва
bring,приносити
brother,брат
budget,бюджет
build,будувати
building,будівля
business,бізнес
but,але
buy,купувати
call,дзвонити
camera,камера
campaign,кампанія
can,може
cancer,рак
candidate,кандидат
capital,столиця
car,автомобіль
card,картка
care,турбота
career,кар'єра
carry,нести
case,випадок
catch,ловити
cause,причина
cell,клітина
center,центр
central,центральний
century,століття
certain,певний
certainly,звичайно
chair,стілець
challenge,виклик
chance,шанс
change,зміна
character,характер
charge,заряд
check,перевіряти
child,дитина
choice,вибір
choose,вибирати
church,церква
citizen,громадянин
city,місто
civil,цивільний
claim,претензія
class,клас
clear,ясний
clearly,ясно
close,близько
coach,тренер
cold,холодний
collection,колекція
college,коледж
color,колір
come,приходити
commercial,комерційний
common,спільний
community,спільнота
company,компанія
compare,порівнювати
computer,комп'ютер
concern,турбота
condition,умова
conference,конференція
congress,конгрес
consider,розглядати
consumer,споживач
contain,містити
continue,продовжувати
control,контроль
cost,вартість
could,міг
country,країна
couple,пара
course,курс
court,суд
cover,покривати
create,створювати
crime,злочин
cultural,культурний
culture,культура
cup,чашка
current,поточний
customer,клієнт
cut,різати
dark,темний
data,дані
date,дата
daughter,дочка
day,день
dead,мертвий
deal,угода
death,смерть
debate,дебати
decade,десятиліття
decide,вирішувати
decision,рішення
deep,глибокий
defense,захист
degree,ступінь
democratic,демократичний
describe,описувати
design,дизайн
despite,незважаючи на
detail,деталь
determine,визначати
develop,розвивати
development,розвиток
die,помирати
difference,різниця
different,різний
difficult,важкий
dinner,вечеря
direction,напрямок
director,директор
discover,відкривати
discuss,обговорювати
discussion,обговорення
disease,хвороба
do,робити
doctor,лікар
dog,собака
door,двері
down,вниз
draw,малювати
dream,мрія
drive,водити
drop,крапля
drug,ліки
during,протягом
each,кожен
early,рано
east,схід
easy,легкий
eat,їсти
economic,економічний
economy,економіка
edge,край
education,освіта
effect,ефект
effort,зусилля
eight,вісім
either,або
election,вибори
else,інше
employee,працівник
end,кінець
energy,енергія
enjoy,насолоджуватися
enough,достатньо
enter,входити
entire,весь
environment,середовище
environmental,екологічний
especially,особливо
establish,встановлювати
even,навіть
evening,вечір
event,подія
ever,коли-небудь
every,кожен
everyone,кожен
everything,все
evidence,доказ
exactly,точно
example,приклад
executive,виконавчий
exist,існувати
expect,очікувати
experience,досвід
expert,експерт
explain,пояснювати
eye,око
face,обличчя
fact,факт
factor,фактор
fail,терпіти невдачу
fall,падати
family,сім'я
far,далеко
fast,швидкий
father,батько
fear,страх
federal,федеральний
feel,відчувати
feeling,почуття
few,кілька
field,поле
fifteen,п'ятнадцять
fifty,п'ятдесят
fight,боротися
figure,фігура
fill,заповнювати
film,фільм
final,фінальний
finally,нарешті
financial,фінансовий
find,знаходити
fine,добре
finger,палець
finish,закінчувати
fire,вогонь
firm,фірма
first,перший
fish,риба
five,п'ять
floor,підлога
fly,літати
focus,фокус
follow,слідувати
food,їжа
foot,нога
for,для
force,сила
foreign,іноземний
forget,забувати
form,форма
former,колишній
forward,вперед
four,чотири
free,вільний
friend,друг
from,від
front,перед
full,повний
fund,фонд
future,майбутнє
game,гра
garden,сад
gas,газ
general,загальний
generation,покоління
get,отримувати
girl,дівчина
give,давати
glass,скло
go,йти
goal,мета
god,бог
good,хороший
government,уряд
great,великий
green,зелений
ground,земля
group,група
grow,рости
growth,ріст
guess,здогадуватися
gun,рушниця
guy,хлопець
hair,волосся
half,половина
hand,рука
hang,висіти
happen,відбуватися
happy,щасливий
hard,важкий
have,мати
he,він
head,голова
health,здоров'я
hear,чути
heart,серце
heat,тепло
heavy,важкий
help,допомога
her,її
here,тут
herself,сама
high,високий
him,його
himself,сам
his,його
history,історія
hit,бити
hold,тримати
home,дім
hope,надія
hospital,лікарня
hot,гарячий
hotel,готель
hour,година
house,будинок
how,як
however,однак
huge,величезний
human,людина
hundred,сто
husband,чоловік
idea,ідея
identify,ідентифікувати
if,якщо
image,зображення
imagine,уявляти
impact,вплив
important,важливий
improve,покращувати
in,в
include,включати
including,включаючи
increase,збільшувати
indeed,справді
indicate,вказувати
individual,індивідуальний
industry,промисловість
information,інформація
inside,всередині
instead,замість
institution,установа
interest,інтерес
interesting,цікавий
international,міжнародний
interview,інтерв'ю
into,в
investment,інвестиції
involve,залучати
issue,проблема
it,це
item,предмет
its,його
itself,само
job,робота
join,приєднуватися
just,просто
keep,тримати
key,ключ
kid,дитина
kill,вбивати
kind,добрий
kitchen,кухня
know,знати
knowledge,знання
land,земля
language,мова
large,великий
last,останній
late,пізно
later,пізніше
laugh,сміятися
law,закон
lawyer,адвокат
lay,лежати
lead,вести
leader,лідер
learn,вчитися
least,найменше
leave,залишати
left,лівий
leg,нога
legal,легальний
less,менше
let,дозволити
letter,лист
level,рівень
lie,брехати
life,життя
light,світло
like,подобатися
line,лінія
list,список
listen,слухати
little,маленький
live,жити
local,місцевий
long,довгий
look,дивитися
lose,втрачати
loss,втрата
lot,багато
love,любов
low,низький
machine,машина
magazine,журнал
main,головний
maintain,підтримувати
major,головний
make,робити
man,чоловік
manage,управляти
management,управління
manager,менеджер
many,багато
market,ринок
marriage,шлюб
material,матеріал
matter,справа
may,може
maybe,можливо
me,мене
mean,означати
measure,міра
media,медіа
medical,медичний
meet,зустрічати
meeting,зустріч
member,член
memory,пам'ять
mention,згадувати
message,повідомлення
method,метод
middle,середній
might,міг би
military,військовий
million,мільйон
mind,розум
minute,хвилина
miss,сумувати
mission,місія
model,модель
modern,сучасний
moment,момент
money,гроші
month,місяць
more,більше
morning,ранок
most,більшість
mother,мати
move,рухатися
movement,рух
movie,фільм
much,багато
music,музика
must,повинен
my,мій
myself,я сам
name,ім'я
nation,нація
national,національний
natural,природний
nature,природа
near,біля
nearly,майже
necessary,необхідний
need,потребувати
network,мережа
never,ніколи
new,новий
news,новини
newspaper,газета
next,наступний
nice,гарний
night,ніч
nine,дев'ять
no,ні
none,ніхто
nor,ні
north,північ
not,не
note,нотатка
nothing,нічого
notice,помічати
now,зараз
number,число
occur,відбуватися
of,з
off,вимкнено
offer,пропонувати
office,офіс
officer,офіцер
official,офіційний
often,часто
oh,о
oil,олія
ok,добре
old,старий
on,на
once,одного разу
one,один
only,тільки
onto,на
open,відкривати
operation,операція
opportunity,можливість
option,варіант
or,або
order,порядок
organization,організація
other,інший
others,інші
our,наш
out,поза
outside,зовні
over,над
own,власний
owner,власник
page,сторінка
pain,біль
painting,живопис
paper,папір
parent,батько
part,частина
participant,учасник
particular,особливий
particularly,особливо
partner,партнер
party,партія
pass,проходити
past,минулий
patient,пацієнт
pattern,шаблон
pay,платити
peace,мир
people,люди
per,за
perform,виконувати
performance,вистава
perhaps,можливо
period,період
person,особа
personal,особистий
phone,телефон
physical,фізичний
pick,вибирати
picture,картина
piece,шматок
place,місце
plan,план
plant,рослина
play,грати
player,гравець
please,будь ласка
pleasure,задоволення
point,точка
police,поліція
policy,політика
political,політичний
politics,політика
poor,бідний
popular,популярний
population,населення
position,позиція
positive,позитивний
possible,можливий
power,сила
practice,практика
prepare,готувати
present,подарунок
president,президент
pressure,тиск
pretty,гарний
prevent,запобігати
price,ціна
private,приватний
probably,імовірно
problem,проблема
process,процес
produce,виробляти
product,продукт
production,виробництво
professional,професійний
professor,професор
program,програма
project,проект
property,власність
protect,захищати
prove,доводити
provide,надавати
public,громадський
pull,тягнути
purpose,мета
push,штовхати
put,класти
quality,якість
question,питання
quickly,швидко
quite,досить
race,гонка
radio,радіо
raise,піднімати
range,діапазон
rate,ставка
rather,скоріше
reach,досягати
read,читати
ready,готовий
real,справжній
reality,реальність
realize,усвідомлювати
really,справді
reason,причина
receive,отримувати
recent,недавній
recently,нещодавно
recognize,визнавати
record,запис
red,червоний
reduce,зменшувати
reflect,відображати
region,регіон
relate,ставитися
relationship,відносини
religious,релігійний
remain,залишатися
remember,пам'ятати
remove,видаляти
report,звіт
represent,представляти
republican,республіканський
require,вимагати
research,дослідження
resource,ресурс
respond,відповідати
response,відповідь
responsibility,відповідальність
rest,відпочинок
result,результат
return,повертатися
reveal,розкривати
rich,багатий
right,правий
rise,підйом
risk,ризик
road,дорога
rock,камінь
role,роль
room,кімната
rule,правило
run,бігти
safe,безпечний
same,той самий
save,зберігати
say,сказати
scene,сцена
school,школа
science,наука
scientist,вчений
score,рахунок
sea,море
season,сезон
seat,місце
second,другий
section,секція
security,безпека
see,бачити
seek,шукати
seem,здаватися
sell,продавати
send,відправляти
senior,старший
sense,почуття
series,серія
serious,серйозний
serve,служити
service,послуга
set,встановлювати
seven,сім
several,кілька
sex,стать
sexual,сексуальний
shake,трясти
share,ділитися
she,вона
shoot,стріляти
short,короткий
shot,постріл
should,повинен
show,показувати
side,сторона
significant,значний
similar,подібний
simple,простий
simply,просто
since,з тих пір
sing,співати
single,одинокий
sister,сестра
sit,сидіти
site,сайт
situation,ситуація
six,шість
size,розмір
skill,навичка
skin,шкіра
small,маленький
smile,посмішка
so,так
social,соціальний
society,суспільство
soldier,солдат
some,деякий
somebody,хтось
someone,хтось
something,щось
sometimes,іноді
son,син
song,пісня
soon,скоро
sort,сортувати
sound,звук
source,джерело
south,південь
southern,південний
space,простір
speak,говорити
special,спеціальний
specific,конкретний
speech,мова
spend,витрачати
sport,спорт
spring,весна
staff,персонал
stage,етап
stand,стояти
standard,стандарт
star,зірка
start,початок
state,держава
statement,заява
station,станція
stay,залишатися
step,крок
still,все ще
stock,запас
stop,зупиняти
store,магазин
story,історія
strategy,стратегія
street,вулиця
strong,сильний
structure,структура
student,студент
study,вивчати
stuff,речі
style,стиль
subject,предмет
success,успіх
successful,успішний
such,такий
suddenly,раптом
suffer,страждати
suggest,пропонувати
summer,літо
support,підтримка
sure,впевнений
surface,поверхня
system,система
table,стіл
take,брати
talk,розмовляти
task,завдання
tax,податок
teach,вчити
teacher,вчитель
team,команда
technology,технологія
television,телебачення
tell,сказати
ten,десять
tend,мати тенденцію
term,термін
test,тест
than,ніж
thank,дякувати
that,що
the,той
their,їхній
them,них
themselves,самі
then,тоді
theory,теорія
there,там
these,ці
they,вони
thing,річ
think,думати
third,третій
this,це
those,ті
though,хоча
thought,думка
thousand,тисяча
threat,загроза
three,три
through,через
throughout,протягом
throw,кидати
thus,таким чином
time,час
to,до
today,сьогодні
together,разом
tonight,сьогодні ввечері
too,також
top,верх
total,загальний
tough,важкий
toward,назустріч
town,місто
trade,торгівля
traditional,традиційний
training,навчання
travel,подорож
treat,лікувати
treatment,лікування
tree,дерево
trial,суд
trip,поїздка
trouble,проблема
true,правда
truth,істина
try,намагатися
turn,повертати
tv,телебачення
two,два
type,тип
under,під
understand,розуміти
unit,одиниця
until,до
up,вгору
upon,на
us,нас
use,використовувати
used,використаний
useful,корисний
user,користувач
usually,зазвичай
value,цінність
various,різні
very,дуже
victim,жертва
view,вид
violence,насильство
visit,відвідувати
voice,голос
vote,голос
wait,чекати
walk,ходити
wall,стіна
want,хотіти
war,війна
watch,дивитися
water,вода
way,шлях
we,ми
weapon,зброя
wear,носити
week,тиждень
weight,вага
well,добре
west,захід
western,західний
what,що
whatever,що завгодно
when,коли
where,де
whether,чи
which,який
while,поки
white,білий
who,хто
whole,цілий
whom,кому
whose,чий
why,чому
wide,широкий
wife,дружина
will,буде
win,перемагати
wind,вітер
window,вікно
wish,бажання
with,з
within,всередині
without,без
woman,жінка
wonder,дивуватися
word,слово
work,робота
worker,робітник
working,працюючий
world,світ
worry,турбуватися
worse,гірше
worst,найгірший
worth,вартий
would,би
write,писати
writer,письменник
wrong,неправильний
yard,двір
yeah,так
year,рік
yes,так
yet,ще
you,ти
young,молодий
your,твій
yourself,сам
abandon,покидати
abandoning,покидання
ability,здатність
able,здатний
abroad,за кордоном
absence,відсутність
absent,відсутній
absolute,абсолютний
absolutely,абсолютно
absorb,поглинати
absorbing,поглинання
abstract,абстрактний
abuse,зловживання
abusing,зловживання
academic,академічний
academy,академія
accepting,прийняття
acceptable,прийнятний
acceptance,прийняття
access,доступ
accessing,доступ
accident,нещасний випадок
accompany,супроводжувати
accompanying,супроводження
accomplish,досягати
accomplishing,досягнення
according,згідно
accounting,бухгалтерія
accurate,точний
accuse,звинувачувати
accusing,звинувачення
achieve,досягати
achieving,досягнення
achievement,досягнення
acid,кислота
acknowledge,визнавати
acknowledging,визнання
acquire,набувати
acquiring,набуття
acquisition,здобуття
act,діяти
acting,діяння
active,активний
actor,актор
actress,актриса
actual,дійсний
adapt,пристосовуватися
adapting,пристосування
adding,додавання
addition,додавання
additional,додатковий
addressing,звернення
adequate,адекватний
adjust,налаштовувати
adjusting,налаштування
administrative,адміністративний
administrator,адміністратор
admire,захоплюватися
admiring,захоплення
admission,вступ
admitting,визнання
adopt,усиновлювати
adopting,усиновлення
advance,просуватися
advancing,просування
advanced,просунутий
advantage,перевага
adventure,пригода
advertising,реклама
advice,порада
advise,радити
advising,консультування
advisor,радник
advocate,захисник
advocating,адвокація
affair,справа
affecting,вплив
afford,дозволяти собі
affording,забезпечення
afraid,наляканий
Africa,Африка
African,африканський
afternoon,день
afterwards,потім
age,вік
aged,літній
agenda,порядок денний
aggressive,агресивний
agreeing,згода
agriculture,сільське господарство
aid,допомога
aiding,надання допомоги
aim,ціль
aiming,прицілювання
aircraft,літак
airline,авіакомпанія
airport,аеропорт
alarm,тривога
alarming,тривожний
album,альбом
alcohol,алкоголь
alert,пильний
alerting,попередження
alien,іноземець
alive,живий
alliance,альянс
allowing,дозвіл
ally,союзник
alongside,поряд
alter,змінювати
altering,зміна
alternative,альтернатива
altogether,взагалі
amazing,дивовижний
ambition,амбіція
ambiguity,двозначність
ambulance,швидка допомога
American,американський
analyst,аналітик
analyze,аналізувати
analyzing,аналіз
ancestor,предок
ancient,стародавній
anger,гнів
angle,кут
angry,сердитий
anniversary,річниця
announce,оголошувати
announcing,оголошення
annoying,дратує
annual,річний
answering,відповідь
anticipate,очікувати
anticipating,очікування
anxiety,тривога
anxious,стурбований
anybody,хто-небудь
anymore,більше не
anyway,все одно
anywhere,будь-де
apart,окремо
apartment,квартира
apparent,очевидний
apparently,мабуть
appeal,звернення
appealing,привабливий
appearing,з'явлення
appearance,зовнішність
apple,яблуко
application,застосунок
applying,застосування
appoint,призначати
appointing,призначення
appointment,призначення
appreciate,цінувати
appreciating,оцінка
approaching,наближення
appropriate,відповідний
approval,схвалення
approve,схвалювати
approving,схвалення
approximately,приблизно
architect,архітектор
architecture,архітектура
arguing,сперечання
argument,аргумент
arise,виникати
arising,виникнення
armed,озброєний
army,армія
arrange,організовувати
arranging,організація
arrangement,домовленість
arrest,арешт
arresting,арешт
arrival,прибуття
arriving,прибуття
artistic,художній
as,як
ash,попіл
Asian,азіатський
aside,убік
asking,запитування
asleep,сплячий
aspect,аспект
assault,напад
assaulting,напад
assembly,збори
assess,оцінювати
assessing,оцінка
assessment,оцінка
asset,актив
assign,призначати
assigning,призначення
assignment,завдання
assist,допомагати
assisting,допомога
assistance,допомога
assistant,асистент
associate,асоціювати
associating,асоціація
association,асоціація
assuming,припущення
assumption,припущення
assure,запевняти
assuring,запевнення
assurances,запевнення
atmosphere,атмосфера
attach,прикріпляти
attaching,прикріплення
attacking,атака
attempt,спроба
attempting,спроба
attend,відвідувати
attending,відвідування
attendance,відвідуваність
attitude,ставлення
attract,приваблювати
attracting,залучення
attractive,привабливий
attribute,атрибут
auto,авто
automatic,автоматичний
automatically,автоматично
automobile,автомобіль
autumn,осінь
average,середній
avoiding,уникнення
award,нагорода
awarding,нагородження
aware,свідомий
awareness,усвідомлення
awful,жахливий
background,фон
backing,підтримка
backward,назад
bacteria,бактерії
badly,погано
bagging,пакування
balance,баланс
balancing,балансування
ban,заборона
banning,заборона
band,гурт
banking,банківська справа
barely,ледве
bargain,угода
bargaining,торгівля
barrier,бар'єр
basing,базування
baseball,бейсбол
basic,основний
basically,в основному
basis,основа
basket,кошик
basketball,баскетбол
bathroom,ванна кімната
battle,битва
battling,бій
beach,пляж
bean,боб
bear,ведмідь
bearing,підшипник
beating,биття
beauty,краса
becoming,становлення
bedroom,спальня
beer,пиво
beginning,початок
behaving,поведінка
being,істота
belief,віра
believing,віра
bell,дзвін
belong,належати
belonging,належність
below,нижче
belt,пояс
bench,лавка
bend,згинати
bending,згинання
benefiting,вигода
beside,поряд
bet,ставка
betting,ставки
bicycle,велосипед
bid,пропозиція
bidding,торги
bike,велосипед
biking,велосипедна їзда
billing,виставлення рахунків
bind,зв'язувати
binding,зв'язування
binge-watching,перегляд серіалів запоєм
binge drinking,запій
biological,біологічний
biology,біологія
bird,пташка
birth,народження
birthday,день народження
bit,шматочок
bite,кусати
biting,кусання
bitter,гіркий
blade,лезо
blame,звинувачувати
blaming,звинувачення
blanket,ковдра
blind,сліпий
blinding,осліплення
block,блок
blocking,блокування
bleeding,кровотеча
blow,дути
blowing,дуття
boarding,посадка
boat,човен
boating,плавання на човні
bomb,бомба
bombing,бомбардування
bone,кістка
booking,бронювання
boom,бум
booming,бум
boot,чобіт
booting,завантаження
border,кордон
boring,нудний
borrow,позичати
borrowing,позичення
boss,бос
bother,турбувати
bothering,турбування
bottle,пляшка
bottom,дно
boundaries,межі
bowl,миска
boxing,бокс
brain,мозок
brainstorming,мозковий штурм
branch,гілка
branching,розгалуження
brand,бренд
branding,брендинг
brave,хоробрий
bread,хліб
breaking,ломка
breakfast,сніданок
breast,груди
breath,дихання
breathe,дихати
breathing,дихання
brick,цегла
bridge,міст
bridging,з'єднання
brief,короткий
briefing,інструктаж
briefly,коротко
bright,яскравий
brightening,освітлення
brilliant,блискучий
bringing,принесення
British,британський
broad,широкий
broadening,розширення
broken,зламаний
brown,коричневий
brush,щітка
brushing,чищення
budgeting,складання бюджету
bullet,куля
bunch,пучок
burden,тягар
burn,горіти
burning,горіння
burst,вибухати
bursting,вибух
bury,ховати
burying,поховання
bus,автобус
busy,зайнятий
butter,масло
button,кнопка
buying,покупка
buyer,покупець
by,біля
cabinet,кабінет
cable,кабель
cabling,прокладання кабелю
cake,торт
baking,випічка
calculate,обчислювати
calculating,обчислення
calling,дзвінок
calm,спокійний
calming,заспокоєння
camp,табір
camping,кемпінг
campaigning,агітація
campus,кампус
Canadian,канадський
candle,свічка
candy,цукерка
cap,кепка
capability,здатність
capable,здатний
capacity,ємність
captain,капітан
capture,захоплювати
capturing,захоплення
caring,турбота
careful,обережний
carefully,обережно
carrot,морква
carrying,несіння
cash,готівка
cast,кидати
casting,кастинг
cat,кіт
catching,ловля
category,категорія
causing,спричинення
ceiling,стеля
celebrate,святкувати
celebrating,святкування
celebration,святкування
celebrity,знаменитість
centering,центрування
ceremony,церемонія
chain,ланцюг
chaining,зчеплення
chairman,голова
challenging,виклик
champion,чемпіон
championship,чемпіонат
changing,зміна
channel,канал
channeling,спрямування
chapter,розділ
characteristic,характеристика
characterize,характеризувати
characterizing,характеристика
charging,зарядка
charity,благодійність
chart,діаграма
charting,картографування
chase,переслідувати
chasing,переслідування
cheap,дешевий
checking,перевірка
cheek,щока
cheese,сир
chemical,хімічний
chemistry,хімія
chest,груди
chicken,курка
chief,головний
childhood,дитинство
Chinese,китайський
chocolate,шоколад
choosing,вибір
Christmas,Різдво
cigarette,сигарета
circle,коло
circling,кружляння
circumstance,обставина
civilian,цивільний
claiming,стверджуючи
classic,класичний
classroom,класна кімната
clean,чистий
cleaning,прибирання
clearing,очищення
client,клієнт
climate,клімат
climb,піднімати
climbing,лазіння
clock,годинник
closing,закриття
closely,тісно
closer,ближче
clothes,одяг
clothing,одяг
cloud,хмара
clouding,затуманення
club,клуб
clue,підказка
coaching,коучинг
coal,вугілля
coast,узбережжя
coat,пальто
coating,покриття
code,код
coding,кодування
coffee,кава
coin,монета
collapse,обвал
collapsing,обвал
colleague,колега
collect,збирати
collecting,збір
collective,колективний
coloring,забарвлення
column,колонка
combination,комбінація
combine,поєднувати
combining,поєднання
coming,прихід
comedy,комедія
comfort,комфорт
comforting,заспокійливий
comfortable,зручний
command,команда
commanding,командування
comment,коментар
commenting,коментування
commission,комісія
commissioning,введення в експлуатацію
commit,здійснювати
committing,здійснення
commitment,зобов'язання
committee,комітет
communicate,спілкуватися
communicating,спілкування
communication,спілкування
comparing,порівняння
comparison,порівняння
compete,змагатися
competing,конкуренція
competition,конкуренція
competitive,конкурентний
competitor,конкурент
complain,скаржитися
complaining,скарження
complaint,скарга
complete,повний
completing,завершення
completely,повністю
complex,складний
complicated,складний
component,компонент
compose,складати
composing,складання
composition,композиція
computing,обчислення
concentrate,концентруватися
concentrating,концентрація
concentration,концентрація
concept,концепція
concerning,щодо
concerned,стурбований
concert,концерт
conclude,робити висновок
concluding,завершення
conclusion,висновок
concrete,бетон
conditioning,кондиціонування
conduct,проводити
conducting,проведення
confidence,впевненість
confident,впевнений
confirm,підтверджувати
confirming,підтвердження
conflict,конфлікт
conflicting,конфліктний
confront,протистояти
confronting,протистояння
confusion,плутанина
confusing,заплутаний
connect,з'єднувати
connecting,з'єднання
connection,з'єднання
conscious,свідомий
consciousness,свідомість
consequence,наслідок
consequences,наслідки
conservative,консервативний
considering,розгляд
considerable,значний
consideration,розгляд
consist,складатися
consisting,складання
consistent,послідовний
constant,постійний
constantly,постійно
constitute,складати
constituting,складання
constitution,конституція
construct,будувати
constructing,будівництво
construction,будівництво
consultant,консультант
consulting,консультування
consume,споживати
consuming,споживання
contact,контакт
contacting,контакт
containing,утримання
container,контейнер
contemporary,сучасний
content,зміст
contest,конкурс
contesting,змагання
context,контекст
continuing,продовження
continuous,безперервний
contract,контракт
contracting,підряд
contrast,контраст
contrasting,контрастування
contribute,сприяти
contributing,внесок
contribution,внесок
controlling,контроль
controversial,суперечливий
controversy,суперечка
convenient,зручний
convenience,зручність
convention,конвенція
conventional,традиційний
conversation,розмова
convert,перетворювати
converting,перетворення
cook,готувати
cooking,приготування їжі
cookie,печиво
cool,прохолодний
cooling,охолодження
cooperation,співпраця
cooperating,співпраця
cope,справлятися
coping,справляння
copy,копія
copying,копіювання
core,ядро
corn,кукурудза
corner,кут
cornering,загнання в кут
corporate,корпоративний
corporation,корпорація
correct,правильний
correcting,виправлення
correspondent,кореспондент
costing,калькуляція
cotton,бавовна
couch,диван
council,рада
count,рахувати
counting,підрахунок
counter,лічильник
countering,протидія
county,округ
coup,переворот
coupling,зчеплення
courage,мужність
cousin,двоюрідний брат
covering,покриття
coverage,покриття
cow,корова
crack,тріщина
cracking,тріскання
craft,ремесло
crafting,ремесло
crash,аварія
crashing,аварія
crazy,божевільний
cream,крем
creating,створення
creation,створення
creative,творчий
creature,створіння
credit,кредит
crediting,зарахування
crew,екіпаж
criminal,злочинець
crisis,криза
criteria,критерії
critic,критик
critical,критичний
criticism,критика
criticize,критикувати
criticizing,критика
crop,урожай
cropping,обрізка
cross,хрест
crossing,перехрещення
crowd,натовп
crowding,скупчення
crucial,вирішальний
cry,плакати
crying,плач
curious,цікавий
currently,наразі
curriculum,навчальна програма
curve,крива
curving,вигинання
custom,звичай
cutting,різання
cycle,цикл
cycling,велосипедна їзда
dad,тато
daily,щоденний
damage,шкода
damaging,шкода
dance,танцювати
dancing,танці
danger,небезпека
dangerous,небезпечний
dare,наважуватися
daring,зухвалий
darkness,темрява
database,база даних
dating,знайомства
dealing,справлятися
dealer,дилер
dear,дорогий
debating,дебати
debt,борг
deciding,прийняття рішення
deck,палуба
declare,оголошувати
declaring,оголошення
decline,занепад
declining,занепад
decorate,прикрашати
decorating,прикрашання
decrease,зменшувати
decreasing,зменшення
deepening,поглиблення
deeply,глибоко
deer,олень
defeat,поразка
defeating,поразка
defend,захищати
defending,захист
deficit,дефіцит
define,визначати
defining,визначення
definitely,точно
definition,визначення
deliberate,навмисне
deliver,доставляти
delivering,доставка
delivery,доставка
demand,попит
demanding,вимагливий
democracy,демократія
demonstrate,демонструвати
demonstrating,демонстрація
denial,заперечення
department,відділ
depend,залежати
depending,залежність
dependent,залежний
depth,глибина
describing,опис
description,опис
desert,пустеля
designing,дизайн
designer,дизайнер
desire,бажання
desiring,бажання
desk,стіл
desperate,відчайдушний
destroy,знищувати
destroying,знищення
destruction,знищення
detailing,деталізація
detect,виявляти
detecting,виявлення
determining,визначення
detract,take away from
developing,що розвивається
device,пристрій
devote,присвячувати
devoting,присвячення
dialogue,діалог
diamond,діамант
diary,щоденник
dying,вмирання
diet,дієта
dieting,дієта
differently,по-різному
difficulty,труднощі
dig,копати
digging,копання
digital,цифровий
dimension,вимір
dining,їжа
direct,прямий
directing,режисура
directly,безпосередньо
dirt,бруд
dirty,брудний
disability,інвалідність
disagree,не погоджуватися
disagreeing,незгода
disappear,зникати
disappearing,зникнення
disaster,катастрофа
discipline,дисципліна
disciplining,дисциплінування
discourse,дискурс
discovering,відкриття
discovery,відкриття
discrimination,дискримінація
discriminating,дискримінація
discussing,обговорення
dismiss,звільняти
dismissing,звільнення
disorder,розлад
display,дисплей
displaying,відображення
distance,відстань
distancing,дистанціювання
distinct,чіткий
distinction,розрізнення
distribute,розподіляти
distributing,розподіл
distribution,розподіл
district,район
diverse,різноманітний
diversity,різноманітність
divide,ділити
dividing,поділ
division,поділ
divorce,розлучення
divorcing,розлучення
doing,роблення
document,документ
documenting,документування
domestic,домашній
dominant,домінуючий
dominate,домінувати
dominating,домінування
double,подвійний
doubling,подвоєння
doubt,сумнів
doubting,сумніви
downloading,завантаження
downtown,центр міста
dozen,дюжина
draft,проект
drafting,складання проекту
drag,тягти
dragging,тягнення
drama,драма
dramatic,драматичний
drawing,малюнок
dreaming,мрія
dress,плаття
dressing,одягання
drink,пити
drinking,пиття
driving,водіння
driver,водій
dropping,падіння
dry,сухий
drying,сушіння
due,належний
dust,пил
dusting,вытирання пилу
duty,обов'язок
eager,нетерплячий
ear,вухо
earn,заробляти
earning,заробіток
earth,земля
ease,легкість
easing,полегшення
easily,легко
eastern,східний
eating,їжа
economics,економіка
economist,економіст
edging,обрамлення
edition,видання
editor,редактор
editing,редагування
educational,освітній
educator,вихователь
educating,освіта
effective,ефективний
effectively,ефективно
efficiency,ефективність
efficient,ефективний
egg,яйце
eighteen,вісімнадцять
eighth,восьмий
eighty,вісімдесят
elderly,літній
elect,обирати
electing,вибори
electric,електричний
electrical,електричний
electricity,електрика
electronic,електронний
element,елемент
elementary,елементарний
elephant,слон
eliminate,усувати
eliminating,усунення
elite,еліта
elsewhere,деінде
email,електронна пошта
emailing,електронна пошта
embarrass,бентежити
embarrassing,бентеження
emerge,з'являтися
emerging,з'являтися
emergency,надзвичайна ситуація
emission,викид
emotion,емоція
emotional,емоційний
emphasis,акцент
emphasize,підкреслювати
emphasizing,підкреслення
employ,наймати
employing,найм
employer,роботодавець
employment,зайнятість
empty,порожній
emptying,спорожнення
enable,дозволяти
enabling,увімкнення
encounter,зустріч
encountering,зустріч
encourage,заохочувати
encouraging,заохочення
ending,закінчення
enemy,ворог
engage,залучати
engaging,залучення
engine,двигун
engineer,інженер
engineering,інженерія
English,англійська
enhance,покращувати
enhancing,покращення
enjoying,насолода
enormous,величезний
ensure,забезпечувати
ensuring,забезпечення
entering,вхід
enterprise,підприємство
entertain,розважати
entertaining,розважальний
entertainment,розвага
entirely,повністю
entitle,мати право
entitling,надання права
entity,сутність
entry,вхід
episode,епізод
equal,рівний
equally,рівною мірою
equipment,обладнання
era,ера
error,помилка
escape,втеча
escaping,втеча
essay,есе
essential,істотний
establishing,встановлення
establishment,установа
estate,нерухомість
estimate,оцінка
estimating,оцінка
ethnic,етнічний
European,європейський
evaluate,оцінювати
evaluating,оцінка
evaluation,оцінка
eventually,врешті-решт
everybody,всі
everyday,щоденний
everywhere,скрізь
evidance,докази
evident,очевидний
evil,зло
exact,точний
exam,іспит
examination,дослідження
examine,досліджувати
examining,дослідження
exceed,перевищувати
exceeding,перевищення
excellent,відмінний
except,окрім
exception,виключення
exchange,обмін
exchanging,обмін
excited,схвильований
excitement,хвилювання
exciting,захоплюючий
exclude,виключати
excluding,виключення
excuse,вибачення
execute,виконувати
executing,виконання
exercise,вправа
exercising,виконання вправ
exhibit,виставляти
exhibiting,експонування
exhibition,виставка
existing,існуючий
existence,існування
exit,вихід
exiting,вихід
expand,розширювати
expanding,розширення
expansion,розширення
expecting,очікування
expectation,очікування
expense,витрата
expensive,дорогий
experiencing,переживання
experiment,експеримент
experimenting,експериментування
explaining,пояснення
explanation,пояснення
explicit,явний
explore,досліджувати
exploring,дослідження
explosion,вибух
exploding,вибух
expose,виставляти
exposing,викриття
express,висловлювати
expressing,вираження
expression,вираз
extend,розширювати
extending,розширення
extension,розширення
extensive,широкий
extent,ступінь
external,зовнішній
extra,додатковий
extraordinary,надзвичайний
extreme,екстремальний
extremely,вкрай
fabric,тканина
facing,зіткнення
facility,об'єкт
facilities,засоби
factory,фабрика
faculty,факультет
failing,невдача
failure,невдача
fair,справедливий
fairly,досить
faith,віра
falling,падіння
false,помилковий
familiar,знайомий
famous,відомий
fan,вентилятор
fanning,роздмухування
fantasy,фантазія
farm,ферма
farming,землеробство
farmer,фермер
fascinating,захоплюючий
fashion,мода
fat,жир
fate,доля
fault,вина
favor,прихильність
favorite,улюблений
fearing,страх
feature,особливість
featuring,показ
fee,плата
feed,годувати
feeding,годування
fellow,товариш
female,жіноча
fence,паркан
fencing,огорожа
fewer,менше
fielding,виставлення на поле
fifth,п'ятий
fighting,бій
figuring,з'ясування
file,файл
filing,подача
filling,заповнення
filming,зйомка
finance,фінанси
financing,фінансування
finding,знахідка
fines,штрафи
fingertips,кінчики пальців
finishing,закінчення
firing,стрілянина
fishing,рибалка
fit,підходити
fitting,примірка
fitness,фітнес
fix,фіксувати
fixing,ремонт
flag,прапор
flagging,позначення
flame,полум'я
flat,плоский
flavor,смак
flee,втікати
fleeing,втеча
flesh,плоть
flight,політ
float,плавати
floating,плавання
flood,повінь
flooding,затоплення
flooring,підлога
flow,течія
flowing,течія
flower,квітка
flowering,цвітіння
flying,літання
focusing,фокусування
folk,народ
following,наступний
footer,нижній колонтитул
football,футбол
forcing,примушення
forest,ліс
forever,назавжди
forgetting,забування
forming,формування
formal,формальний
formation,формування
formula,формула
forth,вперед
fortune,доля
forwarding,пересилання
found,знайдений
foundation,фундація
founder,засновник
founding,заснування
fourteen,чотирнадцять
fourth,четвертий
frame,рамка
framing,обрамлення
framework,каркас
fraud,шахрайство
freeing,звільнення
freedom,свобода
freeze,заморожувати
freezing,заморожування
French,французький
frequency,частота
frequent,частий
frequently,часто
frequally,часто
fresh,свіжий
friendly,дружній
friendship,дружба
fronting,фасад
fruit,фрукт
frustration,фрустрація
fuel,паливо
fuelling,заправка
fuelled,підживлений
fully,повністю
fun,веселощі
function,функція
functioning,функціонування
funding,фінансування
fundamental,фундаментальний
funeral,похорон
funny,кумедний
furniture,меблі
furthermore,крім того
gain,отримувати
gaining,отримання
gallery,галерея
gaming,ігри
gang,банда
gap,розрив
garage,гараж
gardening,садівництво
garlic,часник
gate,ворота
gather,збирати
gathering,збори
gay,веселий
gear,передача
gearing,підготовка
gender,стать
generally,загалом
generate,генерувати
generating,генерування
genetic,генетичний
gentleman,джентльмен
gently,ніжно
German,німецький
gesture,жест
gesturing,жестикулювання
getting,отримання
ghost,привид
giant,гігант
gift,подарунок
gifting,подарування
girlfriend,подруга
giving,дарування
given,даний
glad,радий
global,глобальний
glove,рукавичка
going,йти
God,Бог
gold,золото
golden,золотий
golf,гольф
golfing,гра в гольф
govern,керувати
governing,управління
governor,губернатор
grab,хапати
grabbing,хапання
grade,оцінка
grading,оцінювання
gradually,поступово
graduate,випускник
graduating,випуск
grain,зерно
grand,великий
grandfather,дідусь
grandmother,бабуся
grant,грант
granting,надання
granular,in a very small details
grass,трава
grave,могила
gray,сірий
greatest,найбільший
greening,озеленення
grocery,продуктовий
grounding,заземлення
grouping,групування
growing,зростання
guarantee,гарантія
guaranteeing,гарантування
guard,охоронець
guarding,охорона
guessing,здогадка
guest,гість
guide,гід
guiding,керівництво
guilty,винний
habit,звичка
habitat,середовище проживання
halving,розпилювання навпіл
hall,зал
handful,жменя
handle,ручка
handling,обробка
handy,зручний
hanging,висіння
happening,подія
hardly,ледве
harm,шкода
harmful,шкідливий
harming,завдання шкоди
harvesting,collecting
hat,капелюх
hate,ненавидіти
hating,ненависть
having,мати
heading,заголовок
headline,заголовок
headquarters,штаб-квартира
healthy,здоровий
hearing,слух
heating,опалення
heaven,небо
heavily,важко
heel,п'ятка
height,висота
heightening,підвищення
helicopter,гелікоптер
hell,пекло
hello,привіт
helping,допомога
helpful,корисний
heritage,спадщина
hero,герой
hide,ховати
hiding,приховування
highlight,підкреслювати
highlighting,підкреслення
highly,високо
hill,пагорб
hinder,перешкоджати
hindering,перешкоджання
hip,стегно
hire,наймати
hiring,найм
historian,історик
historic,історичний
historical,історичний
hitting,удар
holding,утримання
hole,діра
holiday,свято
holy,святий
homeless,бездомний
honest,чесний
honey,мед
honor,честь
honoring,вшанування
hooked,зачепив
hoping,надія
horizon,горизонт
horror,жах
horse,кінь
host,господар
hosting,хостинг
housing,житло
household,домогосподарство
humor,гумор
hungry,голодний
hunt,полювати
hunting,полювання
hurricane,ураган
hurry,поспішати
hurrying,поспіх
hurt,боліти
hurting,завдавання болі
hypothesis,гіпотеза
I,я
ice,лід
ideal,ідеальний
identification,ідентифікація
identifying,ідентифікація
identity,ідентичність
ideology,ідеологія
ignore,ігнорувати
ignoring,ігнорування
ill,хворий
illegal,незаконний
illness,хвороба
imagination,уява
imagining,уявлення
immediate,негайний
immediately,негайно
immigrant,іммігрант
immigration,імміграція
impacting,впливання
implement,впроваджувати
implementing,впровадження
implication,наслідок
imply,мати на увазі
implying,натяк
import,імпорт
importing,імпорт
importance,важливість
impose,накладати
imposing,накладання
impossible,неможливо
impress,вражати
impressing,вражання
impression,враження
impressive,вражаючий
improving,покращення
improvement,покращення
incentive,стимул
incentivised,стимулюється
incident,інцидент
inciting,підбурювання
income,дохід
incorporate,включати
incorporating,включення
increasing,збільшення
increasingly,все більше
incredible,неймовірний
independence,незалежність
independent,незалежний
index,індекс
indexing,індексація
Indian,індійський
indicating,вказівка
indication,вказівка
indispensable,незамінний
industrial,промисловий
infant,немовля
infection,інфекція
inflation,інфляція
influence,вплив
influencing,вплив
inform,інформувати
informing,інформування
ingredient,інгредієнт
initial,початковий
initially,спочатку
initiative,ініціатива
injury,травма
inner,внутрішній
innocent,невинний
innovation,інновація
input,вхід
inputting,введення
inquiry,запит
insight,розуміння
insist,наполягати
insisting,наполягання
inspire,надихати
inspiring,натхненний
install,встановлювати
installing,встановлення
instance,приклад
institute,інститут
instituting,встановлення
institutional,інституційний
instruction,інструкція
instructor,інструктор
instructing,навчання
instrument,інструмент
insurance,страхування
intellectual,інтелектуальний
intelligence,інтелект
intelligent,розумний
intend,мати намір
intending,намір
intense,інтенсивний
intention,намір
interaction,взаємодія
interacting,взаємодія
interception,перехоплення
interested,зацікавлений
internal,внутрішній
internet,інтернет
interpret,інтерпретувати
interpreting,інтерпретація
interpretation,інтерпретація
interruption,переривання
intervention,втручання
intervening,втручання
interviewing,інтерв'ювання
introduce,представляти
introducing,представлення
introduction,введення
intrusive,нав'язливий
invaluable,безцінний
invasion,вторгнення
invading,вторгнення
invest,інвестувати
investing,інвестування
investigate,досліджувати
investigating,розслідування
investigated,досліджено
investigation,розслідування
investor,інвестор
invite,запрошувати
inviting,запрошення
involving,залучення
involvement,участь
Iraqi,іракський
iron,залізо
Islamic,ісламський
island,острів
Israeli,ізраїльський
issuing,видача
Italian,італійський
jacket,куртка
jail,в'язниця
Japanese,японський
jazz,джаз
jobbing,роботи
joining,приєднання
joint,спільний
joke,жарт
joking,жартування
journal,журнал
journalist,журналіст
journey,подорож
journeying,подорож
joy,радість
judge,суддя
judging,судження
judgment,судження
juice,сік
jump,стрибати
jumping,стрибки
junior,молодший
jury,журі
justice,справедливість
justify,виправдовувати
justifying,виправдання
keeping,збереження
keyboard,клавіатура
kick,ударяти ногою
kicking,удар ногою
killing,вбивство
killer,вбивця
king,король
kiss,поцілунок
kissing,цілування
knee,коліно
knife,ніж
knock,стукати
knocking,стукання
knowing,знання
known,відомий
lab,лабораторія
label,етикетка
labeling,маркування
labor,праця
laboring,праця
laboratory,лабораторія
lack,брак
lacking,нестача
lady,леді
lake,озеро
landing,посадка
landscape,пейзаж
landscaping,ландшафтний дизайн
lap,коліна
largely,значною мірою
lasting,тривалий
latency,затримка
Latin,латинський
latter,останній
laughing,сміх
launch,запускати
launching,запуск
lawn,газон
laying,укладання
lay person,мирянин
layer,шар
layering,нашарування
leading,провідний
leadership,лідерство
leaf,лист
league,ліга
leak,витік
leaking,витік
lean,худий
leaning,нахил
learning,навчання
leather,шкіра
leaving,залишення
legend,легенда
legislation,законодавство
legitimate,законний
lemon,лимон
length,довжина
lengthening,подовження
lesson,урок
letting,дозвіл
leveling,вирівнювання
liberal,ліберальний
library,бібліотека
license,ліцензія
licensing,ліцензування
lying,брехня
lifestyle,спосіб життя
lifetime,життя
lift,підіймати
lifting,підіймання
lighting,освітлення
liking,подобання
likely,ймовірно
limit,обмеження
limiting,обмеження
limited,обмежений
lining,підкладка
link,посилання
linking,зв'язування
lion,лев
lip,губа
listing,перелік
listening,слухання
literally,буквально
literary,літературний
literature,література
living,життя
load,навантаження
loading,завантаження
loan,позика
loaning,позичання
lobby,лобі
lobbying,лобіювання
locate,розміщувати
locating,розміщення
location,розташування
lock,замок
locking,блокування
looking,погляд
loose,вільний
loosening,ослаблення
lord,лорд
losing,втрата
lost,загублений
loud,голосний
loving,любов
lovely,прекрасний
lover,коханець
lower,нижній
lowering,зниження
luck,удача
lucky,щасливий
lunch,обід
lung,легеня
mad,божевільний
magic,магія
magical,магічний
mail,пошта
mailing,розсилка
mainly,головним чином
maintaining,підтримка
maintenance,технічне обслуговування
majority,більшість
making,виготовлення
maker,виробник
makeup,макіяж
male,чоловіча
mall,торговий центр
managing,управління
manner,манера
manufacturer,виробник
manufacturing,виробництво
map,карта
mapping,картографування
margin,запас
mark,позначка
marking,маркування
marketing,маркетинг
married,одружений
marry,одружуватися
marrying,одруження
mask,маска
masking,маскування
mass,маса
massive,масивний
master,майстер
mastering,майстерність
match,матч
matching,збіг
math,математика
mattering,важливість
maximum,максимум
mayor,мер
meal,їжа
meaning,значення
meaningful,значущий
meanwhile,тим часом
measuring,вимірювання
measurement,вимірювання
meat,м'ясо
mechanism,механізм
medication,ліки
medicine,медицина
medium,середній
membership,членство
mental,психічний
mentioning,згадка
menu,меню
mere,простий
merely,просто
mess,безлад
messing,безлад
messaging,повідомлення
metal,метал
meter,метр
milk,молоко
milking,доїння
minding,турбування
mindfulness,уважність
mine,мій
mining,добувна промисловість
mineral,мінерал
minimum,мінімум
minister,міністр
ministering,служіння
minor,неповнолітній
minority,меншість
miracle,диво
mirror,дзеркало
mirroring,дзеркальне відображення
missing,відсутній
missile,ракета
mistake,помилка
mistaking,помилка
misuse,неправильне використання
misusing,неправильне використання
mix,змішувати
mixing,змішування
mixture,суміш
mobile,мобільний
mode,режим
modeling,моделювання
moderate,помірний
moderating,модерування
modernizing,модернізація
modest,скромний
mom,мама
monitor,монітор
monitoring,моніторинг
mood,настрій
moon,місяць
moral,моральний
mortgage,іпотека
mostly,здебільшого
mothering,материнство
motion,рух
motivate,мотивувати
motivating,мотивація
motivation,мотивація
motor,двигун
mount,гора
mounting,монтаж
mountain,гора
mouse,миша
mouth,рот
moving,рух
multiple,кратний
murder,вбивство
murdering,вбивство
muscle,м'яз
museum,музей
musical,музичний
musician,музикант
Muslim,мусульманський
mutual,взаємний
mystery,таємниця
myth,міф
naked,голий
naming,найменування
narrative,наративний
narrow,вузький
narrowing,звуження
native,рідний
naturally,природно
navy,флот
nearing,наближення
nearby,поблизу
necessarily,обов'язково
neck,шия
needing,потреба
negative,негативний
negotiate,вести переговори
negotiating,переговори
negotiation,переговори
neighbor,сусід
neighborhood,сусідство
neither,ні
nerve,нерв
nervous,нервовий
net,сітка
netting,сітка
networking,мережа
neutral,нейтральний
nevertheless,тим не менш
newly,нещодавно
nineteen,дев'ятнадцять
ninety,дев'яносто
nobody,ніхто
nod,кивати
nodding,кивання
noise,шум
nomination,номінація
nominating,номінація
nonetheless,тим не менш
noon,полудень
normal,нормальний
normally,зазвичай
northern,північний
nose,ніс
noting,відзначення
noticing,помічання
notion,поняття
novel,роман
nowhere,ніде
nuclear,ядерний
numbering,нумерування
numerous,численний
nurse,медсестра
nursing,догляд
nut,горіх
object,об'єкт
objecting,заперечення
objective,мета
obligation,зобов'язання
observation,спостереження
observe,спостерігати
observing,спостереження
obscured,затемнений
obtain,отримувати
obtaining,отримання
obvious,очевидний
obviously,очевидно
occasion,нагода
occasionally,іноді
occupy,займати
occupying,зайняття
occurring,виникнення
ocean,океан
odd,дивний
offense,образа
offensive,образливий
offering,пропозиція
oiling,змащення
Olympic,олімпійський
ongoing,триваючий
onion,цибуля
online,онлайн
opening,відкриття
operate,діяти
operating,операційний
operator,оператор
opinion,думка
opponent,суперник
oppose,протистояти
opposing,протистояння
opposite,протилежний
opposition,опозиція
opt out,відмовитися
orange,помаранчевий
ordering,замовлення
ordinary,звичайний
organ,орган
organic,органічний
organize,організовувати
organizing,організація
orientation,орієнтація
origin,походження
original,оригінальний
originally,спочатку
otherwise,інакше
ought,повинен
ourselves,ми самі
outcome,результат
outdated,застарілий
outstanding,видатний
overall,загальний
overcome,подолати
overcoming,подолання
overlook,не помічати
overlooking,не помічання
overwhelmed,переповнений
overwhelming,переповнення
owe,боргувати
owing,заборгованість
owning,володіння
pace,темп
pacing,ритм
pack,пакувати
packing,упаковка
package,пакет
packaging,упаковка
paging,пейджинг
painful,болючий
paint,фарба
pair,пара
pairing,спаровування
pale,блідий
pan,сковорода
panning,панорамування
panel,панель
paneling,панелі
parenting,виховання
park,парк
parking,паркування
participate,брати участь
participating,участь
participation,участь
partly,частково
partnering,партнерство
partnership,партнерство
passing,проходження
passenger,пасажир
passion,пристрасть
patch,латка
patching,латання
path,шлях
pathing,прокладання шляху
patterning,створення зразків
pause,пауза
pausing,пауза
paying,плата
payment,платіж
peak,пік
peaking,піковий
pen,ручка
penalty,покарання
pepper,перець
perceive,сприймати
perceiving,сприйняття
perceived,сприймається
percentage,відсоток
perception,сприйняття
perfect,досконалий
perfectly,ідеально
performing,виконання
performer,виконавець
permanent,постійний
permission,дозвіл
permit,дозвіл
permitting,дозвіл
personality,особистість
personally,особисто
personnel,персонал
perspective,перспектива
phase,фаза
phasing,поетапність
phenomenon,феномен
philosophy,філософія
phoning,телефонування
photo,фото
photograph,фотографія
photographer,фотограф
photographing,фотографування
phrase,фраза
phrasing,формулювання
physically,фізично
physician,лікар
piano,піаніно
picking,збирання
pile,купа
piling,накопичення
pilot,пілот
piloting,пілотування
pine,сосна
pink,рожевий
pipe,труба
piping,трубопровід
pitch,подача
pitching,подача
pity,жалість
pizza,піца
placing,розміщення
planning,планування
plane,літак
planet,планета
planting,посадка
plastic,пластик
plate,тарілка
plating,покриття
platform,платформа
playing,гра
pleasing,приємний
plenty,багато
plot,ділянка
plotting,планування
plug in,підключити
plugging,підключення
plus,плюс
pocket,кишеня
poem,вірш
poet,поет
poetry,поезія
pointing,вказування
pole,полюс
policing,поліцейська діяльність
politically,політично
politician,політик
poll,опитування
polling,опитування
pollution,забруднення
polluting,забруднення
pool,басейн
pooling,об'єднання
pop,популярний
popping,спливання
port,порт
porting,портування
portion,частина
portioning,поділ на частини
portrait,портрет
portray,зображувати
portraying,зображення
pose,поза
posing,позування
positioning,позиціонування
possess,володіти
possessing,володіння
possession,володіння
possibility,можливість
possibly,можливо
post,пост
posting,публікація
postponed,відкладено
postponing,відкладення
pot,горщик
potato,картопля
potential,потенційний
potentially,потенційно
pound,фунт
pounding,стукання
pour,лити
pouring,лиття
poverty,бідність
powder,порошок
powdering,пудрення
powering,живлення
powerful,могутній
practical,практичний
practicing,практикування
pray,молитися
praying,молитва
prayer,молитва
precisely,точно
predict,передбачати
predicting,передбачення
prefer,віддавати перевагу
preferring,надання переваги
preference,перевага
pregnancy,вагітність
pregnant,вагітна
preliminary,попередній
premiere,прем'єра
premium,преміум
preparation,підготовка
preparing,підготовка
prescription,рецепт
prescribing,призначення
presence,присутність
presenting,презентація
presentation,презентація
preserve,зберігати
preserving,збереження
presidential,президентський
press,натискати
pressing,натискання
pressuring,тиск
pretend,прикидатися
pretending,удавання
preventing,запобігання
previous,попередній
previously,раніше
pricing,ціноутворення
pride,гордість
priest,священик
primarily,в основному
primary,первинний
prime,прайм
principal,директор
principle,принцип
print,друкувати
printing,друк
prior,попередній
priority,пріоритет
prison,в'язниця
prisoner,в'язень
privacy,конфіденційність
procedure,процедура
proceed,продовжувати
proceeding,продовження
processing,обробка
producing,виробництво
producer,виробник
productive,продуктивний
profession,професія
profile,профіль
profiling,профілювання
profit,прибуток
profiting,отримання прибутку
programming,програмування
projecting,проектування
prominent,видатний
promise,обіцянка
promising,перспективний
promote,сприяти
promoting,просування
prompt,підказка
prompting,підказка
profound,глибокий
proof,доказ
proper,правильний
properly,правильно
proportion,пропорція
proportioning,пропорціонування
proposal,пропозиція
propose,пропонувати
proposing,пропозиція
prosecutor,прокурор
prosecuting,переслідування
prospect,перспектива
prospecting,розвідка
protecting,захист
protection,захист
protracted,затяжний
protein,білок
protest,протест
protesting,протест
proud,гордий
proving,доведення
providing,надання
provider,постачальник
province,провінція
provision,положення
providing,забезпечення
psychological,психологічний
psychologist,психолог
psychology,психологія
publication,публікація
publicity,публічність
publicly,публічно
publish,публікувати
publishing,видавництво
publisher,видавець
pulling,тягнення
punishment,покарання
punishing,покарання
purchase,покупка
purchasing,закупівлі
pure,чистий
purple,фіолетовий
pursue,переслідувати
pursuing,переслідування
pushing,штовхання
putting,розміщення
qualify,кваліфікувати
qualifying,кваліфікація
quarter,чверть
quartering,розквартирування
quarterback,квотербек
questioning,опитування
quick,швидкий
quiet,тихий
quietly,тихо
quit,залишити
quitting,кидання
quote,цитата
quoting,цитування
racing,гонки
racial,расовий
radical,радикальний
rail,рейка
railing,перила
rain,дощ
raining,дощ
raising,підвищення
ranging,варіювання
rank,ранг
ranking,рейтинг
rapid,швидкий
rapidly,швидко
rare,рідкісний
rarely,рідко
rating,рейтинг
ratio,відношення
raw,сирий
reaching,досягнення
react,реагувати
reacting,реакція
reaction,реакція
reading,читання
reader,читач
realizing,усвідомлення
reasoning,міркування
reasonable,розумний
recall,пригадувати
recalling,згадування
receiving,отримання
recognition,визнання
recognizing,визнання
recommend,рекомендувати
recommending,рекомендація
recommendation,рекомендація
recording,запис
recover,відновлюватися
recovering,відновлення
recovery,відновлення
recruit,рекрут
recruiting,набір
redial,передзвонити
reducing,зменшення
reduction,зменшення
refer,посилатися
referring,посилання
reference,посилання
referencing,посилання
reflecting,відображення
reflection,відображення
reform,реформа
reforming,реформування
refugee,біженець
refuse,відмовлятися
refusing,відмова
regard,відношення
regarding,щодо
regardless,незалежно
regional,регіональний
register,реєструвати
registering,реєстрація
regular,регулярний
regularly,регулярно
regulation,регулювання
regulating,регулювання
reject,відхиляти
rejecting,відхилення
relating,відношення
relation,відносини
relative,родич
relatively,відносно
relax,розслаблятися
relaxing,розслаблення
release,випуск
releasing,випуск
relevant,актуальний
reliable,надійний
relief,полегшення
religion,релігія
reluctant,неохочий
rely,покладатися
relying,покладання
remaining,що залишається
remarkable,чудовий
remembering,пам'ять
remind,нагадувати
reminding,нагадування
removal,видалення
removing,видалення
repeat,повторювати
repeating,повторення
repeatedly,неодноразово
replace,заміщати
replacing,заміна
reply,відповідь
replying,відповідь
reporting,звітність
reporter,репортер
representing,представництво
representation,представництво
representative,представник
Republican,республіканський
reputation,репутація
request,запит
requesting,запит
requiring,вимога
requirement,вимога
rescue,рятувати
rescuing,рятування
rescued,врятував
researching,дослідження
researcher,дослідник
resemble,нагадувати
resembling,схожість
reservation,бронювання
reserve,резерв
reserving,резервування
resident,мешканець
resist,опиратися
resisting,опір
resistance,опір
resolution,резолюція
resolve,вирішувати
resolving,вирішення
resourcing,ресурсне забезпечення
respect,повага
respecting,повага
responding,відповідь
responsible,відповідальний
resting,відпочинок
restaurant,ресторан
restore,відновлювати
restoring,відновлення
restriction,обмеження
restricting,обмеження
resulting,результуючий
retain,зберігати
retaining,збереження
retire,виходити на пенсію
retiring,вихід на пенсію
retirement,пенсія
returning,повернення
revealing,розкриття
revenue,дохід
review,огляд
reviewing,огляд
revolution,революція
revolve,обертатися
revolving,обертання
reward,винагорода
rewarding,винагородження
rhetoric,риторика
rice,рис
rid,позбавлятися
ridding,позбавлення
ride,їздити
riding,їзда
ring,кільце
ringing,дзвін
riot,бунт
rioting,заворушення
rising,зростаючий
risking,ризик
ritual,ритуал
rival,суперник
rivaling,суперництво
river,річка
rob,грабувати
robbing,пограбування
rocking,хитання
roll,котити
rolling,прокат
romantic,романтичний
roof,дах
roofing,покрівля
rooming,проживання
root,корінь
rooting,укорінення
rope,мотузка
rose,троянда
round,круглий
rounding,округлення
route,маршрут
routing,маршрутизація
routine,рутина
row,ряд
rowing,веслування
royal,королівський
rub,терти
rubbing,терти
ruling,правління
ruler,правитель
rumor,чутка
running,біг
runner,бігун
rural,сільський
Russian,російський
sacred,священний
sad,сумний
safely,безпечно
safety,безпека
sake,заради
salad,салат
salary,зарплата
sale,продаж
sales,продажі
salt,сіль
salting,соління
sample,зразок
sampling,вибірка
sanction,санкція
sanctioning,санкціонування
sand,пісок
sanding,шліфування
satellite,супутник
satisfaction,задоволення
satisfy,задовольняти
satisfying,задовольняючий
sauce,соус
saving,збереження
savvy on something,підкований у чомусь
saying,говорення
scale,масштаб
scaling,масштабування
scandal,скандал
scared,наляканий
scaring,лякання
scenario,сценарій
schedule,розклад
scheduling,планування
scheme,схема
scheming,інтриги
scholar,вчений
scholarship,стипендія
schooling,навчання
scientific,науковий
scope,обсяг
scoping,визначення обсягу
scoring,підрахунок балів
scream,кричати
screaming,крик
screen,екран
screening,показ
script,сценарій
scripting,написання сценарію
scrutiny,перевірка
search,пошук
searching,пошук
seasoning,приправлення
seating,місця
secondary,вторинний
secret,секрет
secretary,секретар
sectioning,розділення
sector,сектор
secure,безпечний
securing,забезпечення
seeing,бачення
seed,насіння
seeding,посів
seeking,пошук
seeming,видимий
select,вибирати
selecting,вибір
selection,вибір
self,сам
selling,продаж
senate,сенат
senator,сенатор
sending,відправка
sensing,відчуття
sensitive,чутливий
sentence,речення
sentencing,вирок
separate,окремий
separating,розділення
sequence,послідовність
sequencing,секвенсування
seriously,серйозно
serving,обслуговування
session,сесія
setting,налаштування
settlement,поселення
settling,врегулювання
seventh,сьомий
severe,серйозний
shade,тінь
shading,затінення
shadow,тінь
shadowing,слідування
shady,тіньовий
shaking,тремтіння
shall,повинен
shame,сором
shaming,соромлення
shape,форма
shaping,формування
sharing,поділ
sharp,гострий
sharpening,заточування
sheet,аркуш
shelf,полиця
shell,оболонка
shelling,обстріл
shelter,укриття
sheltering,укриття
shift,зміна
shifting,зсув
shine,світити
shining,сяйво
ship,корабель
shipping,доставка
shirt,сорочка
shock,шок
shocking,шокуючий
shoe,взуття
shooting,стрілянина
shop,магазин
shopping,покупки
shore,берег
shortening,скорочення
shoulder,плече
shouldering,взяття на себе
shout,кричати
shouting,крик
showing,показ
shower,душ
showering,душ
shut,закривати
shutting,закриття
sick,хворий
siding,сайдинг
sight,зір
sighting,спостереження
sign,знак
signing,підписання
signal,сигнал
signaling,сигналізування
significantly,значно
silence,тиша
silencing,заглушування
silent,тихий
silly,дурний
silver,срібло
similarly,подібно
sin,гріх
singing,спів
singer,співак
sink,раковина
sinking,потоплення
sir,сер
sitting,сидіння
sixteen,шістнадцять
sixth,шостий
sixty,шістдесят
sizing,розмір
ski,лижа
skiing,катання на лижах
skilled,кваліфікований
skip,пропускати
skipping,пропуск
sky,небо
slave,раб
sleep,спати
sleeping,сон
slice,скибочка
slicing,нарізка
slide,ковзати
sliding,ковзання
slight,незначний
slightly,трохи
slip,ковзати
slipping,ковзання
slow,повільний
slowing,уповільнення
slowly,повільно
smart,розумний
smell,запах
smelling,нюхання
smiling,усмішка
smoke,дим
smoking,куріння
smooth,гладкий
smoothing,згладжування
snap,клацати
snapping,клацання
snow,сніг
snowing,сніг
soap,мило
soccer,футбол
socially,соціально
sock,шкарпетка
soft,м'який
softening,пом'якшення
software,програмне забезпечення
soil,ґрунт
solar,сонячний
sold,продали
sole,підошва
solid,твердий
solution,рішення
solve,вирішувати
solving,вирішення
somehow,якось
somewhat,дещо
somewhere,десь
sophisticated,витончений
sorry,вибачте
sorting,сортування
soul,душа
sounding,звучання
soup,суп
sourcing,джерелознавство
Soviet,радянський
spacing,інтервал
Spanish,іспанський
speaking,розмова
speaker,спікер
specialist,спеціаліст
species,вид
specifically,конкретно
speed,швидкість
speeding,прискорення
spending,витрати
spin,крутити
spinning,обертання
spied on,шпигували
spirit,дух
spiritual,духовний
split,розділяти
splitting,розділення
spokesman,речник
sponsor,спонсор
sponsoring,спонсорство
sporting,спортивний
spot,плями
spotting,помічання
spread,поширювати
spreading,поширення
springing,пружинність
square,квадрат
squaring,узгодження
squeeze,стискати
squeezing,стискання
stable,стабільний
staffing,комплектація персоналом
staging,постановка
stain,пляма
staining,забарвлення
stair,сходинка
stake,ставка
staking,постановка на карту
standing,стояння
standardizing,стандартизація
starring,головна роль
stare,дивитися
staring,пильний погляд
starting,початок
stating,заявлення
stationing,розміщення
statistics,статистика
status,статус
staying,перебування
steady,стійкий
steal,красти
stealing,крадіжка
steel,сталь
stepping,крокування
stick,палиця
sticking,прилипання
stimulus,стимул
stimulating,стимулюючий
stir,перемішувати
stirring,перемішування
stocking,наповнення
stomach,шлунок
stone,камінь
stoning,кидання камінням
stopping,зупинка
storage,зберігання
storing,зберігання
storm,буря
storming,штурм
storytelling,розповідь
straight,прямий
straightening,випрямлення
strain,напруження
straining,напруження
strand,нитка
stranding,висадка
strange,дивний
stranger,незнайомець
strategic,стратегічний
stream,потік
streaming,потокове передавання
strength,сила
strengthen,зміцнювати
strengthening,зміцнення
stress,стрес
stressing,підкреслення
stretch,розтягувати
stretching,розтягування
strike,страйк
striking,разючий
string,струна
stringing,натягування струн
strip,смужка
stripping,знімання
stroke,удар
strongly,сильно
structuring,структурування
struggle,боротьба
struggling,боротьба
studio,студія
studying,навчання
stuffing,начинка
stupid,дурний
styling,стилізація
subjecting,піддавання
subsequent,наступний
substance,речовина
substantial,суттєвий
substitute,замінювати
substituting,заміна
subtle,тонкий
suburban,приміський
succeed,досягти успіху
succeeding,успіх
successfully,успішно
sudden,раптовий
sue,подавати в суд
suing,подання в суд
suffering,страждання
sufficient,достатній
sugar,цукор
suggesting,пропозиція
suggestion,пропозиція
suit,костюм
suiting,підходящий
summit,саміт
sun,сонце
super,супер
superior,вищий
supply,постачання
supplying,постачання
supporting,підтримка
supporter,прихильник
suppose,припускати
supposing,припущення
suppress,придушити
suppressing,придушення
Supreme,Верховний
surely,напевно
surfacing,поява
surgery,хірургія
surprise,сюрприз
surprising,дивовижний
surprised,здивований
surround,оточувати
surrounding,оточення
surveillance,спостереження
survey,опитування
surveying,обстеження
survival,виживання
survive,вижити
surviving,виживання
survivor,той що вижив
suspect,підозрювати
suspecting,підозра
suspend,призупиняти
suspending,призупинення
suspicious,підозрілий
sustain,підтримувати
sustaining,підтримка
swear,присягати
swearing,присяга
sweep,підмітати
sweeping,підмітання
sweet,солодкий
sweetening,підсолоджування
swim,плавати
swimming,плавання
swing,гойдатися
swinging,гойдання
switch,перемикач
switching,переключення
syllabus,tutorial
symbol,символ
symptom,симптом
tabling,внесення на розгляд
tablespoon,столова ложка
tablet,таблетка
tackle,боротися
tackling,вирішення
tail,хвіст
taking,взяття
tale,казка
talent,талант
talented,талановитий
talking,розмова
tall,високий
tank,танк
tanking,падіння
tap,кран
tapping,постукування
tape,стрічка
taping,запис
target,ціль
targeting,націлювання
tasking,доручення
taste,смак
tasting,дегустація
taxing,оподаткування
taxpayer,платник податків
tea,чай
teaching,викладання
teaming,команда
tear,сльоза
tearing,розривання
teaspoon,чайна ложка
technical,технічний
technique,техніка
teen,підліток
teenager,підліток
telephone,телефон
telephoning,телефонування
telling,розповідь
temperature,температура
temporary,тимчасовий
tending,догляд
tendency,тенденція
tennis,теніс
tension,напруження
tent,намет
terms,умови
terrible,жахливий
terrifying,жахливий
territory,територія
terror,терор
terrorism,тероризм
terrorist,терорист
testing,тестування
testify,свідчити
testifying,свідчення
testimony,свідчення
text,текст
texting,переписка
thanking,подяка
thanks,дякую
theater,театр
theft,крадіжка
theme,тема
therapy,терапія
therefore,тому
thick,товстий
thickness,товщина
thin,худий
thinning,стоншування
thinking,мислення
thirty,тридцять
threaten,загрожувати
threatening,загрозливий
throat,горло
throwing,кидання
thumb,великий палець
ticket,квиток
ticketing,продаж квитків
tie,краватка
tying,зв'язування
tight,тісний
tightening,стиснення
timing,час
tiny,крихітний
tip,кінчик
tipping,чайові
tire,втомлюватися
tiring,втомливий
tired,втомлений
tissue,тканина
title,назва
titling,присвоєння звання